Title,ReleaseDate,GenreName,Director,LeadActors,SupportingActors,Language,Runtime,Budget,BoxOfficeRevenue,Rating,ReleaseType
Kung Fu Panda 4,02/03/2024,Comedy,Mike Mitchell,Jack Black:Awkwafina:Bryan Cranston,Viola Davis:Dustin Hoffman:James Hong,English,94,85000000,176000000,6.9,PG
Argylle,31/01/2024,Comedy,Matthew Vaughn,Bryce Dallas Howard:Sam Rockwell:Bryan Cranston,Catherine O'Hara:Henry Cavill:Ariana DeBose,English,139,200000000,94623605,6.15,PG-13
Migration,06/12/2023,Comedy,Benjamin Renner,Kumail Nanjiani:Tresi Gazal:Awkwafina,Carol Kane:Keegan-Michael Key:Danny DeVito,English,83,72000000,286131120,7.566,PG
Poor Things,07/12/2023,Comedy,Yorgos Lanthimos,Emma Stone:Mark Ruffalo:Willem Dafoe,Ramy Youssef:Christopher Abbott:Suzy Bemba,English,142,35000000,112000000,7.86,R
Wonka,06/12/2023,Comedy,Paul King,Timothée Chalamet:Calah Lane:Keegan-Michael Key,Hugh Grant:Paterson Joseph:Olivia Colman,English,117,125000000,625890096,7.208,PG
Anyone But You,21/12/2023,Comedy,Will Gluck,Sydney Sweeney:Glen Powell:Mia Artemis,Nat Buchanan:Josh Bonello:GaTa,English,103,25000000,214891370,7.1,R
Skal - Fight for Survival,24/11/2023,Comedy,Benjamin Cappelletti,Evan Marsh:Chris Sandiford:Mariah Inger,Darren Eisenhauer:Olivia Scriven:Trevor Hayes,English,77,0,0,5.509,
Irish Wish,14/03/2024,Comedy,Janeen Damian,Lindsay Lohan:Ed Speleers:Alexander Vlahos,Ayesha Curry:Elizabeth Tan:Jacinta Mulcahy,English,94,0,0,6.344,PG
The Thundermans Return,07/03/2024,Comedy,Trevor Kirschner,Kira Kosarin:Jack Griffo:Addison Riecke,Diego Velazquez:Maya Le Clark:Chris Tallman,English,70,1208,12,7.778,
Barbie,19/07/2023,Comedy,Greta Gerwig,Margot Robbie:Ryan Gosling:America Ferrera,Ariana Greenblatt:Issa Rae:Kate McKinnon,English,114,145000000,1445638421,7.102,PG-13
Kung Fu Panda,04/06/2008,Comedy,Mark Osborne,Jack Black:Angelina Jolie:Dustin Hoffman,Ian McShane:Jackie Chan:Lucy Liu,English,90,130000000,631700000,7.269,PG
The Adventures,22/12/2023,Comedy,Ittisak Eusunthornwattana,Sunny Suwanmethanon:Matcha Mosimann:Somchai Kemglad,Pongsatorn Jongwilas:Jarnnawut Jarnyaharn:Peerada Kointarangkul,Thai,143,0,0,6.667,
Murder Mubarak,15/03/2024,Comedy,Homi Adajania,Pankaj Tripathi:Sara Ali Khan:Vijay Varma,Tisca Chopra:Sanjay Kapoor:Karisma Kapoor,Hindi:Telugu:Tamil:Urdu:Odia:Bengali,142,0,0,6.9,
Ghostbusters: Frozen Empire,20/03/2024,Comedy,Gil Kenan,Paul Rudd:Carrie Coon:Finn Wolfhard,Mckenna Grace:Kumail Nanjiani:Patton Oswalt,English,115,100000000,0,6.694,PG-13
Ricky Stanicky,21/02/2024,Comedy,Peter Farrelly,Zac Efron:Jermaine Fowler:Andrew Santino,John Cena:Lex Scott Davis:Anja Savcic,English,113,0,0,6.346,R
The Super Mario Bros. Movie,05/04/2023,Comedy,Michael Jelenic,Chris Pratt:Anya Taylor-Joy:Charlie Day,Jack Black:Keegan-Michael Key:Seth Rogen,English:Spanish:Dutch:French:German,93,100000000,1362000000,7.686,PG
Elemental,14/06/2023,Comedy,Peter Sohn,Leah Lewis:Mamoudou Athie:Ronnie del Carmen,Shila Ommi:Wendi McLendon-Covey:Catherine O'Hara,English,102,200000000,496000000,7.667,PG
The Family Plan,14/12/2023,Comedy,Simon Cellan Jones,Mark Wahlberg:Michelle Monaghan:Maggie Q,Zoe Colletti:Van Crosby:Ciarán Hinds,English,119,0,0,7.344,PG-13
Kung Fu Panda 2,25/05/2011,Comedy,Jennifer Yuh Nelson,Jack Black:Angelina Jolie:Dustin Hoffman,Gary Oldman:Jackie Chan:Lucy Liu,English:Spanish:French:German:Gaelic,91,150000000,665700000,7.001,PG
Through My Window 3: Looking at You,23/02/2024,Comedy,Marçal Forés,Clara Galle:Julio Pena:Natalia Azahara,Eric Masip:Andrea Chaparro:Emilia Lazo,Spanish,105,0,0,6.97,
Kung Fu Panda 3,23/01/2016,Comedy,Jennifer Yuh Nelson,Jack Black:Bryan Cranston:Dustin Hoffman,Angelina Jolie:J.K. Simmons:Jackie Chan,English,95,145000000,521170825,6.896,PG
Joey and Ella,27/07/2021,Comedy,Stephen Shimek,Angela Tran:Ashton Leigh:Avalon Howard,Britt Allen:Brooks Ryan:Sabreena Iman,English,99,0,0,4.1,G
Bullet Train,03/08/2022,Comedy,David Leitch,Brad Pitt:Joey King:Aaron Taylor-Johnson,Brian Tyree Henry:Andrew Koji:Hiroyuki Sanada,English,126,90000000,239300000,7.5,R
Freelance,05/10/2023,Comedy,Pierre Morel,John Cena:Alison Brie:Juan Pablo Raba,Christian Slater:Alice Eve:Marton Csokas,English,108,40000000,9112817,6.533,R
Orion and the Dark,01/02/2024,Comedy,Sean Charmatz,Jacob Tremblay:Paul Walter Hauser:Angela Bassett,Colin Hanks:Natasia Demetriou:Golda Rosheuvel,English,93,0,0,6.665,PG
The Suicide Squad,28/07/2021,Comedy,James Gunn,Margot Robbie:Idris Elba:John Cena,Joel Kinnaman:Sylvester Stallone:Viola Davis,English,132,185000000,168717425,7.5,R
Puss in Boots: The Last Wish,07/12/2022,Comedy,Joel Crawford,Antonio Banderas:Salma Hayek Pinault:Harvey Guillén,Wagner Moura:Florence Pugh:Olivia Colman,English,103,90000000,484700000,8.243,PG
Mean Girls,10/01/2024,Comedy,Samantha Jayne,Angourie Rice:Reneé Rapp:Auli'i Cravalho,Jaquel Spivey:Avantika:Bebe Wood,English,113,36000000,103532527,6.148,PG-13
Inside Out,09/06/2015,Comedy,Pete Docter,Amy Poehler:Phyllis Smith:Bill Hader,Lewis Black:Mindy Kaling:Richard Kind,English,95,175000000,857611174,7.917,PG
Trolls Band Together,12/10/2023,Comedy,Walt Dohrn,Anna Kendrick:Justin Timberlake:Camila Cabello,Eric André:Amy Schumer:Andrew Rannells,English,91,95000000,207318137,7.309,PG
Turning Red,10/03/2022,Comedy,Domee Shi,Rosalie Chiang:Sandra Oh:Ava Morse,Hyein Park:Maitreyi Ramakrishnan:Orion Lee,English,100,175000000,21328962,7.399,PG
Deadpool,09/02/2016,Comedy,Tim Miller,Ryan Reynolds:Morena Baccarin:Ed Skrein,T.J. Miller:Gina Carano:Leslie Uggams,English,108,58000000,782837347,7.61,R
Leo,17/11/2023,Comedy,Robert Smigel,Adam Sandler:Bill Burr:Cecily Strong,Jason Alexander:Rob Schneider:Allison Strong,English,102,0,0,7.5,PG
Monsters:Inc.,01/11/2001,Comedy,Pete Docter,John Goodman:Billy Crystal:Mary Gibbs,Steve Buscemi:James Coburn:Jennifer Tilly,English,92,115000000,579700000,7.843,G
Forrest Gump,23/06/1994,Comedy,Robert Zemeckis,Tom Hanks:Robin Wright:Gary Sinise,Sally Field:Mykelti Williamson:Michael Conner Humphreys,English,142,55000000,677387716,8.476,PG-13
Ghostbusters: Afterlife,11/11/2021,Comedy,Jason Reitman,Mckenna Grace:Finn Wolfhard:Carrie Coon,Bokeem Woodbine:Paul Rudd:Logan Kim,English,124,75000000,191000000,7.4,PG-13
The Suicide Squad,28/07/2021,Comedy,James Gunn,Margot Robbie:Idris Elba:John Cena,Joel Kinnaman:Sylvester Stallone:Viola Davis,English,132,185000000,168717425,7.5,R
The Gentlemen,01/01/2020,Comedy,Guy Ritchie,Matthew McConaughey:Charlie Hunnam:Henry Golding,Michelle Dockery:Jeremy Strong:Colin Farrell,English,113,22000000,115171795,7.681,R
Shrek 2,19/05/2004,Comedy,Andrew Adamson,Mike Myers:Eddie Murphy:Cameron Diaz,Julie Andrews:Antonio Banderas:John Cleese,English,93,150000000,928800000,7.263,PG
PAW Patrol: The Mighty Movie,21/09/2023,Comedy,Cal Brunker,Mckenna Grace:Christian Convery:Taraji P. Henson,Kristen Bell:Lil Rel Howery:James Marsden,English,92,30000000,202231360,7.115,PG
The Holdovers,27/10/2023,Comedy,Alexander Payne,Paul Giamatti:Dominic Sessa:Da'Vine Joy Randolph,Carrie Preston:Brady Hepner:Ian Dolley,English,133,13000000,42513270,7.765,R
Megamind,28/10/2010,Comedy,Tom McGrath,Will Ferrell:Tina Fey:Jonah Hill,Brad Pitt:David Cross:Justin Theroux,English,96,130000000,321885765,6.975,PG
Babylon,22/12/2022,Comedy,Damien Chazelle,Brad Pitt:Margot Robbie:Diego Calva,Jean Smart:Flea:Jovan Adepo,English,189,78000000,63363579,7.4,R
Upgraded,07/02/2024,Comedy,Carlson Young,Camila Mendes:Archie Renaux:Marisa Tomei,Lena Olin:Anthony Stewart Head:Thomas Kretschmann,English,105,0,0,7.339,R
Red Notice,04/11/2021,Comedy,Rawson Marshall Thurber,Dwayne Johnson:Ryan Reynolds:Gal Gadot,Ritu Arya:Chris Diamantopoulos:Ivan Mbakop,English,118,160000000,178143,6.777,PG-13
Deadpool & Wolverine,24/07/2024,Comedy,Shawn Levy,Ryan Reynolds:Hugh Jackman:Emma Corrin,Morena Baccarin:Rob Delaney:Leslie Uggams,English,0,250000000,0,0,
Charlie and the Chocolate Factory,13/07/2005,Comedy,Tim Burton,Johnny Depp:Freddie Highmore:David Kelly,Helena Bonham Carter:Noah Taylor:Missi Pyle,English,115,150000000,475000000,7.051,PG
Zootopia,11/02/2016,Comedy,Byron Howard,Jason Bateman:Ginnifer Goodwin:Idris Elba,Jenny Slate:Nate Torrence:Bonnie Hunt,English,109,150000000,1023784195,7.747,PG
Shrek,18/05/2001,Comedy,Andrew Adamson,Mike Myers:Eddie Murphy:Cameron Diaz,John Lithgow:Vincent Cassel:Peter Dennis,English,90,60000000,487900000,7.738,PG
Up,28/05/2009,Comedy,Pete Docter,Ed Asner:Christopher Plummer:Jordan Nagai,Bob Peterson:Delroy Lindo:Jerome Ranft,English,96,175000000,735099082,8,PG
Luca,17/06/2021,Comedy,Enrico Casarosa,Jacob Tremblay:Jack Dylan Grazer:Emma Berman,Saverio Raimondo:Maya Rudolph:Marco Barricelli,English,95,200000000,49750471,7.839,PG
Role Play,04/01/2024,Comedy,Thomas Vincent,Kaley Cuoco:David Oyelowo:Bill Nighy,Connie Nielsen:Rudi Dharmalingam:Lucia Aliu,English,101,0,0,6.062,R
Dream Scenario,10/11/2023,Comedy,Kristoffer Borgli,Nicolas Cage:Julianne Nicholson:Lily Bird,Jessica Clement:Michael Cera:Dylan Gelula,English,102,10000000,14114415,6.793,R
Mary and Max,09/02/2009,Comedy,Adam Elliot,Toni Collette:Philip Seymour Hoffman:Eric Bana,Barry Humphries:Bethany Whitmore:Renée Geyer,English,92,8240000,1740429,7.849,NR
Shazam! Fury of the Gods,15/03/2023,Comedy,David F. Sandberg,Zachary Levi:Asher Angel:Jack Dylan Grazer,Rachel Zegler:Adam Brody:Ross Butler,English,130,125000000,133838006,6.572,PG-13
Sex Tape,17/07/2014,Comedy,Jake Kasdan,Cameron Diaz:Jason Segel:Rob Corddry,Ellie Kemper:Rob Lowe:Jolene Blalock,English,94,40000000,126069509,5.403,R
Ghostbusters,14/07/2016,Comedy,Paul Feig,Kristen Wiig:Melissa McCarthy:Kate McKinnon,Leslie Jones:Chris Hemsworth:Neil Casey,English,117,144000000,229147509,5.362,PG-13
Cars 3,15/06/2017,Comedy,Brian Fee,Owen Wilson:Cristela Alonzo:Chris Cooper,Nathan Fillion:Armie Hammer:Larry the Cable Guy,English,102,175000000,383925276,6.853,G
Ratatouille,28/06/2007,Comedy,Brad Bird,Patton Oswalt:Lou Romano:Ian Holm,Brian Dennehy:Peter Sohn:Peter O'Toole,English,111,150000000,623726000,7.817,G
Toy Story,30/10/1995,Comedy,John Lasseter,Tom Hanks:Tim Allen:Don Rickles,Jim Varney:Wallace Shawn:John Ratzenberger,English,81,30000000,394400000,7.973,G
Deadpool 2,10/05/2018,Comedy,David Leitch,Ryan Reynolds:Josh Brolin:Morena Baccarin,Julian Dennison:Zazie Beetz:T.J. Miller,English,120,110000000,785896632,7.489,R
Ghosted,18/04/2023,Comedy,Dexter Fletcher,Chris Evans:Ana de Armas:Adrien Brody,Mike Moh:Amy Sedaris:Tate Donovan,English,117,0,0,6.992,PG-13
The Hangover,02/06/2009,Comedy,Todd Phillips,Bradley Cooper:Ed Helms:Zach Galifianakis,Justin Bartha:Heather Graham:Sasha Barrese,English,100,35000000,469310836,7.319,R
Lisa Frankenstein,07/02/2024,Comedy,Zelda Williams,Kathryn Newton:Cole Sprouse:Liza Soberano,Henry Eikenberry:Joe Chrest:Carla Gugino,English,102,13400000,9383228,6.329,PG-13
Thor: Love and Thunder,06/07/2022,Comedy,Taika Waititi,Chris Hemsworth:Natalie Portman:Christian Bale,Tessa Thompson:Taika Waititi:Jaimie Alexander,English,119,250000000,760900000,6.476,PG-13
Big Hero 6,24/10/2014,Comedy,Chris Williams,Scott Adsit:Ryan Potter:Daniel Henney,T.J. Miller:Jamie Chung:Damon Wayans Jr.,English,102,165000000,657827828,7.735,PG
Madagascar,25/05/2005,Comedy,Eric Darnell,Ben Stiller:Chris Rock:David Schwimmer,Jada Pinkett Smith:Sacha Baron Cohen:Cedric the Entertainer,English,86,75000000,542100000,6.9,PG
Minions: The Rise of Gru,29/06/2022,Comedy,Kyle Balda,Steve Carell:Pierre Coffin:Alan Arkin,Taraji P. Henson:Michelle Yeoh:Julie Andrews,English,87,85000000,940000000,7.343,PG
Parasite,30/05/2019,Comedy,Bong Joon-ho,Song Kang-ho:Lee Sun-kyun:Cho Yeo-jeong,Choi Woo-shik:Park So-dam:Lee Jung-eun,Korean,133,11363000,257591776,8.511,R
The Wolf of Wall Street,25/12/2013,Comedy,Martin Scorsese,Leonardo DiCaprio:Jonah Hill:Margot Robbie,Kyle Chandler:Matthew McConaughey:Rob Reiner,English,180,100000000,392000000,8,R
Ghost Sweeper Mikami,04/12/1994,Comedy,Atsutoshi Umezawa,Takeshi Aono:Shigeru Chiba:Toshio Furukawa,Ryou Horikawa:Nobuhiko Kazama:Mariko Kouda,Japanese,60,0,0,6.583,PG-13
Pixels,16/07/2015,Comedy,Chris Columbus,Adam Sandler:Kevin James:Michelle Monaghan,Peter Dinklage:Josh Gad:Matt Lintz,English,105,88000000,244900000,5.725,PG-13
White Chicks,23/06/2004,Comedy,Keenen Ivory Wayans,Shawn Wayans:Marlon Wayans:Frankie Faison,Terry Crews:Faune Chambers Watkins:Rochelle Aytes,English,109,37000000,113100000,6.943,PG-13
Teenage Mutant Ninja Turtles: Mutant Mayhem,31/07/2023,Comedy,Jeff Rowe,Micah Abbey:Shamon Brown Jr.:Nicolas Cantu,Brady Noon:Ayo Edebiri:Maya Rudolph,English,100,75000000,180000000,7.267,PG
Shrek Forever After,16/05/2010,Comedy,Mike Mitchell,Mike Myers:Eddie Murphy:Cameron Diaz,Antonio Banderas:Walt Dohrn:Julie Andrews,English,93,165000000,752600000,6.364,PG
Cruella,26/05/2021,Comedy,Craig Gillespie,Emma Stone:Emma Thompson:Joel Fry,Paul Walter Hauser:Mark Strong:Tipper Seifert-Cleveland,English,134,200000000,233503234,8.027,PG-13
Garfield,10/06/2004,Comedy,Peter Hewitt,Bill Murray:Breckin Meyer:Jennifer Love Hewitt,Stephen Tobolowsky:Evan Arnold:Mark Christopher Lawrence,English,80,50000000,200800000,5.692,PG
Sing,23/11/2016,Comedy,Garth Jennings,Matthew McConaughey:Reese Witherspoon:Seth MacFarlane,Scarlett Johansson:John C. Reilly:Taron Egerton,English,108,75000000,634151679,7.108,PG
Sonic the Hedgehog 2,30/03/2022,Comedy,Jeff Fowler,Ben Schwartz:James Marsden:Tika Sumpter,Colleen O'Shaughnessey:Idris Elba:Jim Carrey,English,123,110000000,405400000,7.527,PG
Toy Story 2,30/10/1999,Comedy,John Lasseter,Tom Hanks:Tim Allen:Joan Cusack,Kelsey Grammer:Don Rickles:Jim Varney,English,92,90000000,497400000,7.592,G
Scrapper,25/08/2023,Comedy,Charlotte Regan,Lola Campbell:Harris Dickinson:Alin Uzun,Laura Aikman:Ambreen Razia:Asheq Akhtar,English,84,0,1234483,6.52,NR
Frozen II,20/11/2019,Comedy,Chris Buck,Idina Menzel:Kristen Bell:Josh Gad,Jonathan Groff:Evan Rachel Wood:Sterling K. Brown,English,103,150000000,1450000000,7.26,PG
Home Alone 2: Lost in New York,15/11/1992,Comedy,Chris Columbus,Macaulay Culkin:Daniel Stern:Joe Pesci,Catherine O'Hara:John Heard:Brenda Fricker,English,120,18000000,358994850,6.738,PG
Luck,05/08/2022,Comedy,Peggy Holmes,Eva Noblezada:Simon Pegg:Jane Fonda,Whoopi Goldberg:Flula Borg:Lil Rel Howery,English,105,0,0,7.804,G
South Park: Bigger:Longer & Uncut,30/06/1999,Comedy,Trey Parker,Trey Parker:Matt Stone:Mary Kay Bergman,Isaac Hayes:Jesse Brant Howell:Anthony Cross-Thomas,English,81,21000000,83100000,7.262,R
Sing 2,01/12/2021,Comedy,Garth Jennings,Matthew McConaughey:Reese Witherspoon:Scarlett Johansson,Taron Egerton:Bobby Cannavale:Tori Kelly,English,110,85000000,406000000,7.877,PG
Hotel Transylvania: Transformania,31/01/2022,Comedy,Derek Drymon,Brian Hull:Selena Gomez:Andy Samberg,Kathryn Hahn:Jim Gaffigan:Steve Buscemi,English,92,75000000,18500000,7.1,PG
Mean Girls,30/04/2004,Comedy,Mark Waters,Lindsay Lohan:Rachel McAdams:Lizzy Caplan,Lacey Chabert:Amanda Seyfried:Daniel Franzese,English,97,17000000,130100000,7.207,PG-13
Knives Out,27/11/2019,Comedy,Rian Johnson,Daniel Craig:Chris Evans:Ana de Armas,Jamie Lee Curtis:Michael Shannon:Don Johnson,English,131,40000000,312897920,7.848,PG-13
Just One Small Favor,10/11/2023,Comedy,Juana Macías,Alfonso Bassave:Inma Cuesta:Gonzalo de Castro,Diego Martín:Sara Sálamo:Pere Ponce,Spanish,100,0,0,5.708,
Breaking Bad,20/01/2008,Comedy,Vince Gilligan,Bryan Cranston:Aaron Paul,Anna Gunn:Metsy Brandt,English,155,30000000,750000000,9.5,R
Pitch Perfect 2,07/05/2015,Comedy,Elizabeth Banks,Anna Kendrick:Brittany Snow:Hailee Steinfeld,Rebel Wilson:Ester Dean:Adam Devine,English,115,29000000,287144079,6.86,PG-13
Toy Story 4,19/06/2019,Comedy,Josh Cooley,Tom Hanks:Tim Allen:Annie Potts,Tony Hale:Keegan-Michael Key:Madeleine McGraw,English,100,175000000,1073395000,7.5,G
Cars 2,11/06/2011,Comedy,John Lasseter,Larry the Cable Guy:Owen Wilson:Michael Caine,Emily Mortimer:John Turturro:Eddie Izzard,English,106,200000000,559852396,6.103,G
Chicken Run: Dawn of the Nugget,08/12/2023,Comedy,Sam Fell,Thandiwe Newton:Zachary Levi:Bella Ramsey,Imelda Staunton:Lynn Ferguson:David Bradley,English,98,0,0,7.082,PG
Ruby Gillman:Teenage Kraken,28/06/2023,Comedy,Kirk DeMicco,Lana Condor:Toni Collette:Annie Murphy,Sam Richardson:Liza Koshy:Will Forte,English,91,70000000,43700000,7.309,PG
Once Upon a Time... in Hollywood,24/07/2019,Comedy,Quentin Tarantino,Leonardo DiCaprio:Brad Pitt:Margot Robbie,Emile Hirsch:Margaret Qualley:Timothy Olyphant,English,162,95000000,374300000,7.44,R
Drive-Away Dolls,22/02/2024,Comedy,Ethan Coen,Margaret Qualley:Geraldine Viswanathan:Beanie Feldstein,Joey Slotnick:C.J. Wilson:Colman Domingo,English,84,8000000,5250531,5.801,R
The Fall Guy,24/04/2024,Comedy,David Leitch,Ryan Gosling:Emily Blunt:Winston Duke,Aaron Taylor-Johnson:Hannah Waddingham:Stephanie Hsu,English,126,125000000,0,0,PG-13
Baywatch,25/05/2017,Comedy,Seth Gordon,Dwayne Johnson:Zac Efron:Priyanka Chopra Jonas,Alexandra Daddario:Jon Bass:Hannibal Buress,English,116,69000000,177900000,6.091,R
Rio 2,19/03/2014,Comedy,Carlos Saldanha,Jesse Eisenberg:Anne Hathaway:Will.i.am,Jamie Foxx:Leslie Mann:George Lopez,English,101,103000000,500200000,6.511,G
Glass Onion: A Knives Out Mystery,12/11/2022,Comedy,Rian Johnson,Daniel Craig:Edward Norton:Janelle Monáe,Kathryn Hahn:Leslie Odom Jr.:Kate Hudson,English,140,40000000,13280000,7.049,PG-13
Free Guy,11/08/2021,Comedy,Shawn Levy,Ryan Reynolds:Jodie Comer:Joe Keery,Lil Rel Howery:Utkarsh Ambudkar:Taika Waititi,English,115,110000000,331500000,7.518,PG-13
All Ladies Do It,21/02/1992,Comedy,Tinto Brass,Claudia Koll:Paolo Lanza:Ornella Marcucci,Isabella Deiana:Franco Branciaroli:Renzo Rinaldi,Italian,93,0,0,4.92,
The Interview,25/12/2014,Comedy,Seth Rogen,James Franco:Seth Rogen:Lizzy Caplan,Randall Park:Diana Bang:Timothy Simons,English,113,44000000,12342632,6.188,R
Ice Age,10/03/2002,Comedy,Chris Wedge,Ray Romano:John Leguizamo:Denis Leary,Goran Visnjic:Jack Black:Cedric the Entertainer,English,81,59000000,383257136,7.359,PG
17 Again,11/03/2009,Comedy,Burr Steers,Zac Efron:Leslie Mann:Thomas Lennon,Michelle Trachtenberg:Sterling Knight:Matthew Perry,English,102,20000000,136300000,6.3,PG-13
The Emperor's New Groove,15/12/2000,Comedy,Mark Dindal,David Spade:John Goodman:Eartha Kitt,Patrick Warburton:Wendie Malick:Kellyann Kelso,English,78,100000000,169327687,7.559,G
Shrek the Third,17/05/2007,Comedy,Chris Miller,Mike Myers:Eddie Murphy:Cameron Diaz,Antonio Banderas:Julie Andrews:John Cleese,English,93,160000000,813400000,6.294,PG
Fast & Furious Presents: Hobbs & Shaw,01/08/2019,Comedy,David Leitch,Dwayne Johnson:Jason Statham:Idris Elba,Vanessa Kirby:Helen Mirren:Eiza González,English,137,200000000,760098996,6.866,PG-13
American Wedding,01/08/2003,Comedy,Jesse Dylan,Jason Biggs:Alyson Hannigan:Seann William Scott,Eddie Kaye Thomas:Thomas Ian Nicholas:January Jones,English,103,55000000,231449203,6.217,R
Despicable Me 2,26/06/2013,Comedy,Pierre Coffin,Steve Carell:Kristen Wiig:Benjamin Bratt,Miranda Cosgrove:Russell Brand:Ken Jeong,English,98,76000000,970800000,6.9,PG
The King's Man,22/12/2021,Comedy,Matthew Vaughn,Ralph Fiennes:Gemma Arterton:Rhys Ifans,Matthew Goode:Tom Hollander:Harris Dickinson,English,131,100000000,125900000,6.773,R
Brave,21/06/2012,Comedy,Brenda Chapman,Kelly Macdonald:Emma Thompson:Billy Connolly,Julie Walters:Robbie Coltrane:Kevin McKidd,English,93,185000000,539000000,7.017,PG
Zero Fucks Given,02/03/2022,Comedy,Emmanuel Marre,Adèle Exarchopoulos:Alexandre Perrier:Mara Taquin,Arthur Egloff:Tamara Al Saadi:David Martinez Pinon,French,116,0,0,6.42,
Teenage Mutant Ninja Turtles,07/08/2014,Comedy,Jonathan Liebesman,Megan Fox:Will Arnett:William Fichtner,Alan Ritchson:Noel Fisher:Pete Ploszek,English,101,125000000,485000000,5.909,PG-13
The Truman Show,04/06/1998,Comedy,Peter Weir,Jim Carrey:Laura Linney:Noah Emmerich,Natascha McElhone:Holland Taylor:Ed Harris,English,103,60000000,264100000,8.139,PG
Asteroid City,08/06/2023,Comedy,Wes Anderson,Jason Schwartzman:Scarlett Johansson:Tom Hanks,Jeffrey Wright:Tilda Swinton:Bryan Cranston,English,105,25000000,47281670,6.501,PG-13
Dragon Ball GT: A Hero's Legacy,26/03/1997,Comedy,Osamu Kasai,Masako Nozawa:Yuko Minaguchi:Shin Aomori,Kazuyuki Sogabe:Miki Ito:Ryuuzaburou Ootomo,Japanese,45,0,0,6.769,PG
Grown Ups 2,11/07/2013,Comedy,Dennis Dugan,Adam Sandler:Kevin James:Chris Rock,David Spade:Salma Hayek Pinault:Maya Rudolph,English,101,80000000,247022278,6.122,PG-13
Soul,25/12/2020,Comedy,Pete Docter,Jamie Foxx:Tina Fey:Graham Norton,Rachel House:Alice Braga:Richard Ayoade,English,101,150000000,121500000,8.1,PG
Penguins of Madagascar,22/11/2014,Comedy,Eric Darnell,Tom McGrath:Chris Miller:Christopher Knights,Conrad Vernon:John Malkovich:Benedict Cumberbatch,English,92,132000000,373552094,6.525,PG
Paddington,24/11/2014,Comedy,Paul King,Ben Whishaw:Hugh Bonneville:Sally Hawkins,Madeleine Harris:Samuel Joslin:Nicole Kidman,English,96,55000000,259207227,7.073,PG
Toy Story 3,16/06/2010,Comedy,Lee Unkrich,Tom Hanks:Tim Allen:Joan Cusack,Don Rickles:Wallace Shawn:John Ratzenberger,English,103,200000000,1066970000,7.795,G
The Boss Baby: Family Business,01/07/2021,Comedy,Tom McGrath,Alec Baldwin:James Marsden:Amy Sedaris,Ariana Greenblatt:Jeff Goldblum:Eva Longoria,English,107,82000000,146745280,7.396,PG
Through My Window,04/02/2022,Comedy,Marçal Forés,Clara Galle:Julio Peña:Guillermo Lasheras,Natalia Azahara:Hugo Arbues:Eric Masip,Spanish,112,0,0,7.388,R
Sonic the Hedgehog,12/02/2020,Comedy,Jeff Fowler,Ben Schwartz:James Marsden:Tika Sumpter,Jim Carrey:Natasha Rothwell:Adam Pally,English,99,85000000,319700000,7.333,PG
Saltburn,16/11/2023,Comedy,Emerald Fennell,Barry Keoghan:Jacob Elordi:Rosamund Pike,Richard E. Grant:Alison Oliver:Archie Madekwe,English,131,20000000,21013738,7.073,R
How to Train Your Dragon 2,05/06/2014,Comedy,Dean DeBlois,Jay Baruchel:Cate Blanchett:Gerard Butler,Craig Ferguson:America Ferrera:Jonah Hill,English,102,145000000,621537519,7.669,PG
Rio,03/04/2011,Comedy,Carlos Saldanha,Jesse Eisenberg:Anne Hathaway:Leslie Mann,Jane Lynch:Will.i.am:George Lopez,English,96,90000000,484600000,6.728,G
Darlings,05/08/2022,Comedy,Jasmeet K Reen,Alia Bhatt:Shefali Shah:Vijay Varma,Roshan Mathew:Rajesh Sharma:Vijay Maurya,Hindi,134,0,0,6.908,
Shotgun Wedding,28/12/2022,Comedy,Jason Moore,Jennifer Lopez:Josh Duhamel:Lenny Kravitz,Sônia Braga:Jennifer Coolidge:Cheech Marin,English,101,0,4495365,6.326,R
The Favourite,23/11/2018,Comedy,Yorgos Lanthimos,Olivia Colman:Emma Stone:Rachel Weisz,Nicholas Hoult:Joe Alwyn:Mark Gatiss,English,120,15000000,95918706,7.521,R
The Bad Guys,17/03/2022,Comedy,Pierre Perifel,Sam Rockwell:Marc Maron:Awkwafina,Craig Robinson:Anthony Ramos:Richard Ayoade,English,100,80000000,250162278,7.57,PG
The Proposal,01/06/2009,Comedy,Anne Fletcher,Sandra Bullock:Ryan Reynolds:Malin Åkerman,Craig T. Nelson:Mary Steenburgen:Betty White,English,108,40000000,317400000,7.137,PG-13
Crazy Desire,15/03/1962,Comedy,Luciano Salce,Ugo Tognazzi:Catherine Spaak:Gianni Garko,Franco Giacobini:Fabrizio Capucci:Oliviero Prunas,Italian,110,0,0,6.609,
Grown Ups,24/06/2010,Comedy,Dennis Dugan,Adam Sandler:Kevin James:Chris Rock,David Spade:Rob Schneider:Salma Hayek Pinault,English,102,80000000,271430189,6.373,PG-13
The Parent Trap,28/07/1998,Comedy,Nancy Meyers,Lindsay Lohan:Dennis Quaid:Natasha Richardson,Elaine Hendrix:Lisa Ann Walter:Simon Kunz,English,128,15000000,92108518,7.181,PG
Robots,10/03/2005,Comedy,Chris Wedge,Ewan McGregor:Robin Williams:Halle Berry,Amanda Bynes:Mel Brooks:Jim Broadbent,English,91,75000000,262511490,6.438,PG
Good Burger 2,22/11/2023,Comedy,Phil Traill,Kel Mitchell:Kenan Thompson:Lil Rel Howery,Kamaia Fairburn:Jillian Bell:Alex Hibbert,English,91,0,0,6.873,PG
No Hard Feelings,15/06/2023,Comedy,Gene Stupnitsky,Jennifer Lawrence:Andrew Barth Feldman:Laura Benanti,Natalie Morales:Matthew Broderick:Scott MacArthur,English,104,45000000,83000000,6.854,R
Ted,29/06/2012,Comedy,Seth MacFarlane,Mark Wahlberg:Mila Kunis:Seth MacFarlane,Joel McHale:Giovanni Ribisi:Patrick Warburton,English,107,50000000,549368315,6.421,R
The School for Good and Evil,19/10/2022,Comedy,Paul Feig,Sofia Wylie:Sophia Anne Caruso:Kerry Washington,Charlize Theron:Laurence Fishburne:Michelle Yeoh,English,146,0,0,7.075,PG-13
Flushed Away,22/10/2006,Comedy,David Bowers,Hugh Jackman:Kate Winslet:Ian McKellen,Jean Reno:Bill Nighy:Andy Serkis,English,84,149000000,178120010,6.275,PG
Sausage Party,11/07/2016,Comedy,Conrad Vernon,Seth Rogen:Kristen Wiig:Jonah Hill,Bill Hader:Michael Cera:James Franco,English,89,19000000,140705322,5.745,R
Ice Age: Dawn of the Dinosaurs,26/06/2009,Comedy,Carlos Saldanha,Ray Romano:John Leguizamo:Denis Leary,Queen Latifah:Simon Pegg:Seann William Scott,English,94,90000000,886686817,6.746,PG
The Smurfs: A Christmas Carol,02/12/2011,Comedy,Troy Quane,Jack Angel:Fred Armisen:Hank Azaria,Gary Basaraba:George Lopez:Melissa Sturm,English,22,0,0,6.7,PG
American Fiction,10/11/2023,Comedy,Cord Jefferson,Jeffrey Wright:John Ortiz:Erika Alexander,Leslie Uggams:Sterling K. Brown:Skyler Wright,English,117,16000000,21976115,7.331,R
May December,16/11/2023,Comedy,Todd Haynes,Natalie Portman:Julianne Moore:Charles Melton,Cory Michael Smith:Elizabeth Yu:Gabriel Chung,English,117,20000000,4232370,6.749,R
Players,13/02/2024,Comedy,Trish Sie,Gina Rodriguez:Damon Wayans Jr.:Tom Ellis,Augustus Prew:Joel Courtney:Liza Koshy,English,105,0,0,6.07,R
Willy Wonka & the Chocolate Factory,29/06/1971,Comedy,Mel Stuart,Peter Ostrum:Gene Wilder:Jack Albertson,Nora Denney:Roy Kinnear:Julie Dawn Cole,English,99,3000000,4000000,7.501,G
Hidden Strike,06/07/2023,Comedy,Scott Waugh,Jackie Chan:John Cena:Ma Chunrui,Jiang Wenli:Xu Jia:Gong Jun,English,103,80000000,0,6.992,PG-13
Police Academy,22/03/1984,Comedy,Hugh Wilson,Steve Guttenberg:Kim Cattrall:G.W. Bailey,Bubba Smith:Donovan Scott:George Gaynes,English,97,4500000,81198894,6.671,R
Virgin Territory,17/12/2007,Comedy,David Leland,Hayden Christensen:Mischa Barton:Kate Groombridge,Rosalind Halstead:Tim Roth:Matthew Rhys,English,93,38000000,5410749,4.713,R
Hercules,20/06/1997,Comedy,Ron Clements,Tate Donovan:Josh Keaton:Roger Bart,Danny DeVito:James Woods:Susan Egan,English,93,85000000,252712101,7.505,G
Through My Window: Across the Sea,23/06/2023,Comedy,Marçal Forés,Clara Galle:Julio Pena:Guillermo Lasheras,Natalia Azahara:Hugo Arbues:Eric Masip,Spanish,110,0,0,6.526,R
Despicable Me,08/07/2010,Comedy,Pierre Coffin,Steve Carell:Miranda Cosgrove:Dana Gaier,Elsie Fisher:Jason Segel:Russell Brand,English,95,69000000,533700000,7.234,PG
The Menu,17/11/2022,Comedy,Mark Mylod,Anya Taylor-Joy:Ralph Fiennes:Nicholas Hoult,Janet McTeer:Paul Adelstein:Rob Yang,English,107,35000000,79628200,7.2,R
Central Intelligence,16/06/2016,Comedy,Rawson Marshall Thurber,Dwayne Johnson:Kevin Hart:Amy Ryan,Danielle Nicolet:Jason Bateman:Aaron Paul,English,107,50000000,216972543,6.413,PG-13
Which Brings Me to You,08/12/2023,Comedy,Peter Hutchings,Lucy Hale:Nat Wolff:John Gallagher Jr.,Britne Oldford:Genevieve Angelson:Alexander Hodge,English,98,0,0,5.9,PG-13
Bolt,21/11/2008,Comedy,Chris Williams,John Travolta:Susie Essman:Mark Walton,Malcolm McDowell:Miley Cyrus:James Lipton,English,98,150000000,309979994,6.505,PG
The Idea of You,16/03/2024,Comedy,Michael Showalter,Anne Hathaway:Nicholas Galitzine:Ella Rubin,Annie Mumolo:Reid Scott:Perry Mattfeld,English,115,0,0,9.3,R
The Croods: A New Age,25/11/2020,Comedy,Joel Crawford,Nicolas Cage:Emma Stone:Ryan Reynolds,Catherine Keener:Cloris Leachman:Clark Duke,English,95,65000000,215905815,7.497,PG
The Devil Wears Prada,29/06/2006,Comedy,David Frankel,Anne Hathaway:Meryl Streep:Emily Blunt,Stanley Tucci:Simon Baker:Adrian Grenier,English,109,35000000,326706115,7.394,PG-13
Weeding Night,07/03/2024,Comedy,Osvaldo Benavides,Osvaldo Benavides:Ludwika Paleta:Marcela Guirado,Fernando Álvarez Rebeil:Ricardo Polanco:Daniel Tovar,Spanish,0,0,0,6,
Wreck-It Ralph,01/11/2012,Comedy,Rich Moore,John C. Reilly:Sarah Silverman:Jack McBrayer,Alan Tudyk:Jane Lynch:Rich Moore,English,101,165000000,471222889,7.336,PG
Men in Black,02/07/1997,Comedy,Barry Sonnenfeld,Tommy Lee Jones:Will Smith:Linda Fiorentino,Vincent D'Onofrio:Rip Torn:Tony Shalhoub,English,98,90000000,589400000,7.191,PG-13
Blended,21/05/2014,Comedy,Frank Coraci,Adam Sandler:Drew Barrymore:Kevin Nealon,Terry Crews:Wendi McLendon-Covey:Bella Thorne,English,117,40000000,128000000,6.876,PG-13
Rango,02/03/2011,Comedy,Gore Verbinski,Johnny Depp:Isla Fisher:Ned Beatty,Bill Nighy:Abigail Breslin:Alfred Molina,English,107,135000000,245700000,6.837,PG
Tropic Thunder,09/08/2008,Comedy,Ben Stiller,Ben Stiller:Robert Downey Jr.:Jack Black,Jay Baruchel:Brandon T. Jackson:Brandon Soo Hoo,English,107,92000000,195702811,6.658,R
Fright Night,02/08/1985,Comedy,Tom Holland,Chris Sarandon:William Ragsdale:Amanda Bearse,Roddy McDowall:Stephen Geoffreys:Jonathan Stark,English,107,9000000,24922237,7.038,R
Ghostbusters,08/06/1984,Comedy,Ivan Reitman,Bill Murray:Dan Aykroyd:Sigourney Weaver,Harold Ramis:Rick Moranis:Annie Potts,English,107,30000000,296187079,7.48,PG
Trainwreck,17/07/2015,Comedy,Judd Apatow,Amy Schumer:Bill Hader:Brie Larson,Colin Quinn:LeBron James:John Cena,English,125,35000000,140795793,5.799,R
PAW Patrol: The Movie,09/08/2021,Comedy,Cal Brunker,Iain Armitage:Lilly Bartlam:Will Brisbin,Ron Pardo:Marsai Martin:Yara Shahidi,English,86,26000000,144327371,7.411,G
Violent Night,30/11/2022,Comedy,Tommy Wirkola,David Harbour:John Leguizamo:Beverly D'Angelo,Alex Hassell:Alexis Louder:Edi Patterson,English,111,20000000,75734910,7.375,R
Cocaine Bear,22/02/2023,Comedy,Elizabeth Banks,Keri Russell:Alden Ehrenreich:O'Shea Jackson Jr.,Ray Liotta:Isiah Whitlock Jr.:Brooklynn Prince,English,95,32500000,87649532,6.1,R
The Ice Age Adventures of Buck Wild,28/01/2022,Comedy,John C. Donkin,Simon Pegg:Vincent Tong:Aaron Harris,Utkarsh Ambudkar:Justina Milagros Machado:Sean Kenin,English,82,0,0,6.639,PG
Piranha 3D,20/08/2010,Comedy,Alexandre Aja,Elisabeth Shue:Jerry O'Connell:Steven R. McQueen,Jessica Szohr:Kelly Brook:Ving Rhames,English,88,24000000,83188165,5.408,R
Tom & Jerry,10/02/2021,Comedy,Tim Story,Chloë Grace Moretz:Michael Peña:Colin Jost,Rob Delaney:Ken Jeong:Pallavi Sharda,English,101,50000000,136536687,6.814,PG
Norbit,08/02/2007,Comedy,Brian Robbins,Eddie Murphy:Thandiwe Newton:Terry Crews,Clifton Powell:Lester Speight:Cuba Gooding Jr.,English,102,10000000,159814490,5.586,PG-13
Haunted Mansion,26/07/2023,Comedy,Justin Simien,Rosario Dawson:Chase W. Dillon:LaKeith Stanfield,Owen Wilson:Tiffany Haddish:Danny DeVito,English,123,157800000,117300000,6.545,PG-13
Ice Age: The Meltdown,29/03/2006,Comedy,Carlos Saldanha,Ray Romano:John Leguizamo:Denis Leary,Queen Latifah:Seann William Scott:Josh Peck,English,91,80000000,660998756,6.698,PG
Back to the Future,03/07/1985,Comedy,Robert Zemeckis,Michael J. Fox:Christopher Lloyd:Crispin Glover,Lea Thompson:Claudia Wells:Thomas F. Wilson,English,116,19000000,381109762,8.317,PG
The Addams Family,10/10/2019,Comedy,Conrad Vernon,Oscar Isaac:Charlize Theron:Chloë Grace Moretz,Finn Wolfhard:Nick Kroll:Snoop Dogg,English,86,40000000,204394183,6.621,PG
Planes,09/08/2013,Comedy,Klay Hall,Dane Cook:Carlos Alazraqui:Val Kilmer,Julia Louis-Dreyfus:Brad Garrett:Teri Hatcher,English,91,50000000,219788712,5.9,PG
Hustlers,12/09/2019,Comedy,Lorene Scafaria,Constance Wu:Jennifer Lopez:Julia Stiles,Keke Palmer:Lili Reinhart:Mercedes Ruehl,English,110,20000000,157600000,6.5,R
Onward,29/02/2020,Comedy,Dan Scanlon,Tom Holland:Chris Pratt:Julia Louis-Dreyfus,Octavia Spencer:Mel Rodriguez:Kyle Bornheimer,English,103,200000000,141940042,7.703,PG
Scoob!,08/07/2020,Comedy,Tony Cervone,Amanda Seyfried:Christina Hendricks:Frank Welker,Mckenna Grace:Gina Rodriguez:Justina Milagros Machado,English,93,90000000,28600000,7.082,PG
Kingsman: The Golden Circle,20/09/2017,Comedy,Matthew Vaughn,Colin Firth:Julianne Moore:Taron Egerton,Mark Strong:Halle Berry:Pedro Pascal,English,141,104000000,410900000,6.967,R
Shark Tale,20/09/2004,Comedy,Vicky Jenson,Will Smith:Robert De Niro:Renée Zellweger,Jack Black:Angelina Jolie:Ziggy Marley,English,90,75000000,367300000,6.025,PG
Hocus Pocus,16/07/1993,Comedy,Kenny Ortega,Bette Midler:Sarah Jessica Parker:Kathy Najimy,Omri Katz:Thora Birch:Vinessa Shaw,English,96,28000000,50800000,7.055,PG
Zoolander,28/09/2001,Comedy,Ben Stiller,Ben Stiller:Owen Wilson:Christine Taylor,Will Ferrell:Milla Jovovich:Jerry Stiller,English,90,28000000,60800000,6.204,PG-13
Little Man,31/08/2006,Comedy,Keenen Ivory Wayans,Marlon Wayans:Shawn Wayans:Kerry Washington,John Witherspoon:Tracy Morgan:Lochlyn Munro,English,98,64000000,101600000,5.88,PG-13
The Intern,23/09/2015,Comedy,Nancy Meyers,Robert De Niro:Anne Hathaway:Rene Russo,Anders Holm:JoJo Kushner:Andrew Rannells,English,121,35000000,194564672,7.202,PG-13
Hocus Pocus 2,30/09/2022,Comedy,Anne Fletcher,Bette Midler:Sarah Jessica Parker:Kathy Najimy,Whitney Peak:Belissa Escobedo:Lilia Buckingham,English,107,30000000,0,7.3,PG
Gifted,07/04/2017,Comedy,Marc Webb,Chris Evans:Mckenna Grace:Lindsay Duncan,Jenny Slate:Octavia Spencer:Glenn Plummer,English,101,7000000,40300000,8.032,PG-13
Army of Thieves,27/10/2021,Comedy,Matthias Schweighöfer,Matthias Schweighöfer:Nathalie Emmanuel:Ruby O. Fee,Stuart Martin:Guz Khan:Jonathan Cohen,English,127,30000000,46900000,6.852,R
Logan Lucky,17/08/2017,Comedy,Steven Soderbergh,Channing Tatum:Adam Driver:Daniel Craig,Riley Keough:Katie Holmes:Katherine Waterston,English,118,29000000,48453605,6.731,PG-13
RED,13/10/2010,Comedy,Robert Schwentke,Bruce Willis:John Malkovich:Morgan Freeman,Helen Mirren:Mary-Louise Parker:Karl Urban,English,111,58000000,199000000,6.693,PG-13
Operation Fortune: Ruse de Guerre,04/01/2023,Comedy,Guy Ritchie,Jason Statham:Aubrey Plaza:Josh Hartnett,Hugh Grant:Cary Elwes:Bugzy Malone,English,114,50000000,37800000,6.54,R
